Keyword,Volume,Relevance,Status,Vertical
animation software,14800,Alta,Usada,Motion Design
animation softwares,14800,Alta,Pendiente,Motion Design
animator software,14800,Media,Pendiente,Motion Design
software animation,14800,Media,Pendiente,Motion Design
software for animation,14800,Media,Usada,Motion Design
toon boom,9900,Media,Pendiente,Motion Design
toon boom harmony,9900,Media,Pendiente,Motion Design
free animation software,8100,Alta,Usada,Motion Design
animation app,3600,Media,Usada,Motion Design
best animation software,2900,Alta,Usada,Motion Design
animation program,1900,Alta,Usada,Motion Design
software to animate,1900,Alta,Usada,Motion Design
chyron,12100,Máxima,Usada,Broadcast
chyron def,6600,Baja,Pendiente,Broadcast
broadcast graphics software,110,Máxima,Usada,Broadcast
live graphics,140,Alta,Usada,Streaming
live stream graphics,140,Alta,Usada,Streaming
sports broadcast graphics,110,Alta,Pendiente,Broadcast
h2r graphics,260,Máxima,Usada,Streaming
h2r graphics alternative,260,Máxima,Usada,Streaming
overlays,18100,Alta,Usada,Streaming
stream overlay,5400,Alta,Usada,Streaming
twitch overlay,5400,Alta,Usada,Streaming
obs overlay,2900,Alta,Usada,Streaming
free obs overlays,2400,Alta,Pendiente,Streaming
davinci resolve download,22200,Media,Pendiente,Post-Production
davinci resolve overlays,70,Alta,Usada,Post-Production
davinci resolve transparent overlay,30,Alta,Usada,Post-Production
prores 4444 windows,30,Máxima,Usada,Post-Production
after effects,49500,Media,Usada,Post-Production
adobe after effects,27100,Media,Usada,Post-Production
premiere pro,74000,Media,Usada,Post-Production
vector graphics,6600,Alta,Usada,Technical
vector graphics library,30,Alta,Pendiente,Technical
motion graphics,8100,Alta,Usada,Motion Design
motion graphics software,2900,Alta,Usada,Motion Design
software for motion graphics,3600,Alta,Usada,Motion Design
easy motion graphics software,140,Alta,Pendiente,Motion Design
electron app,2400,Media,Pendiente,Technical
electron framework,720,Media,Pendiente,Technical
lower thirds png,320,Alta,Usada,Streaming
transparent lower thirds,40,Alta,Usada,Streaming
lower thirds animados,0,Alta,Usada,Streaming
gráficos broadcast,0,Alta,Usada,Broadcast
lower third transparent,40,Alta,Pendiente,Streaming
live streaming graphics,110,Alta,Pendiente,Streaming
television graphics software,30,Alta,Usada,Broadcast
motion design,4400,Alta,Pendiente,Motion Design
2d vector graphics,40,Alta,Pendiente,Technical
thorvg,50,Alta,Pendiente,Technical
vector drawing library,20,Alta,Pendiente,Technical
obs overlays free,2400,Alta,Pendiente,Streaming
free twitch overlays,2900,Alta,Pendiente,Streaming
overlay español,140,Alta,Pendiente,Streaming
overlays gratis para obs,30,Alta,Pendiente,Streaming
easy motion graphic software,210,Alta,Pendiente,Motion Design
video graphics software,40,Alta,Pendiente,Motion Design
chyron tv,590,Alta,Pendiente,Broadcast
score graphics sports,320,Alta,Pendiente,Broadcast
h2r lower thirds,10,Alta,Pendiente,Streaming
football video board graphics,40,Alta,Pendiente,Broadcast
news graphics package,20,Alta,Pendiente,Broadcast
live sports graphics software,10,Alta,Pendiente,Broadcast
transparent background davinci,30,Alta,Pendiente,Post-Production
davinci resolve transparency,40,Alta,Pendiente,Post-Production
how to make video transparent davinci,30,Alta,Pendiente,Post-Production
animation programs,1600,Alta,Pendiente,Motion Design
animation toon boom,590,Media,Pendiente,Motion Design
what is toon boom,50,Media,Pendiente,Motion Design
toon boom studio,140,Media,Pendiente,Motion Design
rive software,170,Media,Pendiente,Motion Design
rive motion design,30,Media,Pendiente,Motion Design
framer motion library,50,Baja,Pendiente,Technical
electron screen capture,110,Baja,Pendiente,Technical
electron screenshot,20,Baja,Pendiente,Technical
rive animation,1000,Media,Pendiente,Motion Design
easy motion graphic software,210,Alta,Pendiente,Motion Design
video graphics software,40,Alta,Pendiente,Motion Design
motion css,30,Media,Pendiente,Motion Design
transparent lower third png,20,Media,Pendiente,Streaming
free lower third png,30,Media,Pendiente,Streaming
lower third graphic png,20,Media,Pendiente,Streaming
chyron tv,590,Alta,Pendiente,Broadcast
what is chyron,480,Media,Pendiente,Broadcast
score graphics sports,320,Alta,Pendiente,Broadcast
h2r lower thirds,10,Alta,Pendiente,Streaming
football video board graphics,40,Alta,Pendiente,Broadcast
news graphics package,20,Alta,Pendiente,Broadcast
live sports graphics software,10,Alta,Pendiente,Broadcast
transparent background davinci,30,Alta,Pendiente,Post-Production
davinci resolve transparency,40,Alta,Pendiente,Post-Production
how to make video transparent davinci,30,Alta,Pendiente,Post-Production
animation programs,1600,Alta,Pendiente,Motion Design
animation toon boom,590,Media,Pendiente,Motion Design
what is toon boom,50,Media,Pendiente,Motion Design
toon boom studio,140,Media,Pendiente,Motion Design
rive software,170,Media,Pendiente,Motion Design
rive motion design,30,Media,Pendiente,Motion Design
framer motion library,50,Baja,Pendiente,Technical
electron screen capture,110,Baja,Pendiente,Technical
electron screenshot,20,Baja,Pendiente,Technical
